,dataset,train_loss,train_acc,val_loss,val_acc
2,cifar10,1.8638732451565412,0.3014,1.8269659847021102,0.3151
4,cifar10,1.655531448977334,0.40118,1.6379439264535904,0.4099
