,EncoderBlock(0),EncoderBlock(1),EncoderBlock(2),EncoderBlock(3)
0,2.0842301845550537,2.369506597518921,2.3045055866241455,5.91446590423584
